relative_market_quantile,market_gini_quantile,relative_log_market,market_gini,estimate,std_error,ci_low,ci_high
0.1,0.1,-0.8098028900584563,0.18812619483730186,-0.10497570867912222,0.06627493446049554,-0.2348745802216935,0.024923162863449047
0.1,0.5,-0.8098028900584563,0.33968810653237713,-0.051317195495998835,0.03488026133739385,-0.11968250771729079,0.01704811672529312
0.1,0.9,-0.8098028900584563,0.4822158489392372,-0.0008571118287656332,0.057352181705120735,-0.11326738797080227,0.111553164313271
0.5,0.1,-0.09029094712865415,0.18812619483730186,0.0025991098262672114,0.03716471471402759,-0.07024373101322687,0.07544195066576129
0.5,0.5,-0.09029094712865415,0.33968810653237713,0.004772276036857795,0.023300316934028058,-0.0408963451538372,0.05044089722755279
0.5,0.9,-0.09029094712865415,0.4822158489392372,0.006815906065050503,0.0401098678733707,-0.07179943496675607,0.08543124709685708
0.9,0.1,0.9904845034533176,0.18812619483730186,0.1641867305515276,0.06642232674301533,0.03399897013521755,0.29437449096783763
0.9,0.5,0.9904845034533176,0.33968810653237713,0.08902400314785883,0.040929513052772926,0.008802157564423888,0.16924584873129378
0.9,0.9,0.9904845034533176,0.4822158489392372,0.018341509570316772,0.061256203025790525,-0.10172064836023266,0.1384036675008662
