term,estimate,std_error,ci_low,ci_high,p_value,nobs,r_squared,outcome,schedule_balance,schedule_strength_temporally_safe
ssb_continuous:relative_log_market:market_gini,-0.6401467983553362,0.2832891588904324,-1.1953833469912285,-0.08491024971944383,0.023840252072785773,5942,0.47417902185872485,points_per_game,ssb_continuous,True
ssb_market_value:relative_log_market:market_gini,-0.47004726722027335,0.3480300498250384,-1.152173630415029,0.21207909597448238,0.17682555139718836,5636,0.48160272538946713,points_per_game,ssb_market_value,False
ssb_final_rank:relative_log_market:market_gini,-0.2199549874711092,0.3842799117328359,-0.9731297744496985,0.5332197995074801,0.5670630613150028,5636,0.481623830689363,points_per_game,ssb_final_rank,False
ssb_continuous:relative_log_market:market_gini,-0.6985977660944643,0.42417959926743204,-1.5299745036352639,0.1327789714463351,0.09957066166563486,5942,0.5062363183025934,goal_difference_per_game,ssb_continuous,True
ssb_market_value:relative_log_market:market_gini,-0.7013857124529881,0.4733248874264915,-1.6290854447953869,0.2263140198894107,0.13838626855255057,5636,0.5147139408393275,goal_difference_per_game,ssb_market_value,False
ssb_final_rank:relative_log_market:market_gini,-0.2153221272233439,0.5552144820854483,-1.3035225158058816,0.8728782613591939,0.6981507810174651,5636,0.5149426461169676,goal_difference_per_game,ssb_final_rank,False
ssb_continuous:relative_log_market:market_gini,-0.23136830767044195,0.10033760803639338,-0.42802640571666967,-0.03471020962421423,0.02111632240840308,5942,0.47474101373786814,win_rate,ssb_continuous,True
ssb_market_value:relative_log_market:market_gini,-0.2405325128736216,0.11317481574861078,-0.4623510756978553,-0.018713950049387945,0.033560057977902916,5636,0.4809433808175433,win_rate,ssb_market_value,False
ssb_final_rank:relative_log_market:market_gini,-0.11704666062023211,0.13512486203217516,-0.3818865236192392,0.14779320237877497,0.3863743860621115,5636,0.4808132269198463,win_rate,ssb_final_rank,False
